user_id,name,phone,cluster,latitude,longitude,join_date
1,Antonio Smith,+1-524-833-4470,6th of October,29.966382,30.959529,2025-12-08
2,Brenda Collins,001-942-476-4417x31961,Maadi,29.945441,31.24524,2025-11-11
3,Timothy Hanson DVM,664.919.0467x68872,Maadi,29.963245,31.267323,2025-12-04
4,Kelly Miller,(612)259-2196x134,6th of October,29.984698,30.929994,2025-10-20
5,Kimberly Duran,590.632.8339,Nasr City,30.05477,31.32929,2025-04-11
6,Dr. Amy Sutton,939-371-6639x0102,Maadi,29.963674,31.24458,2026-02-03
7,Shane Watkins,+1-739-583-6344x542,Maadi,29.957443,31.270407,2025-11-26
8,Elizabeth Richmond,955.776.4101x17455,Maadi,29.962897,31.240858,2025-06-03
9,Jennifer Peters,(710)452-4655x20151,6th of October,29.954002,30.959455,2026-03-11
10,Thomas Green,996.940.8502,Maadi,29.951385,31.242907,2025-12-23
11,Heather Miller,001-998-779-8369x70971,6th of October,29.956282,30.941307,2025-12-15
12,Stacy Weaver,331-919-4984,6th of October,29.961751,30.948001,2025-12-27
13,Matthew Robinson,001-701-794-6101x255,6th of October,29.973268,30.928894,2025-08-23
14,Joseph Rogers,784.681.8796x11489,Maadi,29.97678,31.274793,2026-02-03
15,Nicole Hodges,755.229.5509x789,6th of October,29.95494,30.929339,2025-06-10
16,Teresa Cameron,529.312.4730,Nasr City,30.058147,31.319154,2025-10-12
17,Kathleen Bell,001-244-905-3978,Maadi,29.950437,31.260708,2025-08-11
18,Patrick Silva,+1-528-507-6002,Maadi,29.942182,31.278475,2025-07-01
19,Brandy Rush,236.883.1045,Maadi,29.939421,31.271618,2025-08-08
20,Nicole Snyder,+1-339-200-8903x3064,Maadi,29.970051,31.241962,2025-08-31
21,Mary Lopez,641-994-2438x2747,Maadi,29.973724,31.263932,2025-12-05
22,Kim Bruce,001-820-630-2063x821,6th of October,29.963839,30.934507,2025-10-18
23,Jacob Rivera,001-402-307-2185x73325,6th of October,29.986889,30.940389,2025-04-06
24,Andrew Mitchell,001-684-507-3659x5502,Maadi,29.969631,31.261451,2025-03-26
25,Samantha Jackson,+1-325-720-8379x3026,6th of October,29.972309,30.938602,2025-12-19
26,Jessica Patterson,711-596-6717x95853,Maadi,29.940457,31.264456,2025-07-23
27,Rachel Gilbert,478-978-5271x049,6th of October,29.987703,30.931472,2025-08-31
28,Karen Fitzgerald,228.476.4709,6th of October,29.960552,30.924579,2026-02-01
29,Yvette Bishop,+1-244-337-1820x7505,6th of October,29.988588,30.953825,2025-07-21
30,Stephanie Wolfe,(504)793-1608x984,6th of October,29.983547,30.928963,2026-03-20
31,Natalie Walker,867-631-1896,Nasr City,30.074898,31.344144,2025-07-09
32,Stanley Phillips,+1-689-862-5297,Maadi,29.948317,31.256084,2025-10-13
33,Teresa Gordon,804.387.9890x3542,Nasr City,30.042878,31.32873,2025-05-30
34,Michael Kennedy,001-529-602-3471x0265,6th of October,29.956195,30.935005,2025-07-11
35,Alexander Murray,462.760.1705x19057,Nasr City,30.063352,31.336421,2025-10-01
36,Michael Alvarez,001-391-725-7407x84931,Maadi,29.977698,31.249071,2025-08-10
37,Rachel Mueller,206-826-0613x9007,Maadi,29.950594,31.240475,2026-01-30
38,Paul Sosa,677-772-6885,6th of October,29.953459,30.932646,2025-11-04
39,Amy Lewis,001-811-569-1863x504,Nasr City,30.048396,31.327878,2025-09-30
40,Melissa Peterson,831-241-5941x0081,Nasr City,30.069485,31.338765,2025-06-08
41,Michael Miller,001-334-583-3636,Nasr City,30.057311,31.333592,2026-02-03
42,David Chan,001-581-400-9113x637,Maadi,29.942812,31.272412,2025-05-09
43,Jeffrey Scott,263.563.0390,Maadi,29.940831,31.262636,2026-01-23
44,Molly Romero,342-819-0880,Nasr City,30.063084,31.31736,2025-10-15
45,Veronica Curtis,+1-892-490-4353,Maadi,29.966838,31.254469,2025-06-16
46,Kurt Shields,+1-838-360-4158x332,Maadi,29.952843,31.243539,2025-12-07
47,Heather Howell,(809)380-8710,Nasr City,30.052918,31.334699,2025-12-13
48,Timothy Rogers,(681)445-3021x1634,Maadi,29.960386,31.248674,2025-11-21
49,Tami Bates,001-977-661-4556x67867,Nasr City,30.078617,31.333624,2025-06-26
50,Kimberly Martin,(746)202-2962,Nasr City,30.071638,31.344184,2026-02-23
51,Anthony Carlson,4807039047,6th of October,29.977081,30.924866,2025-12-10
52,Christopher Lee,753-275-0273,Nasr City,30.066857,31.308668,2025-12-21
53,Richard Allen,(353)454-7687x0350,Maadi,29.939402,31.245432,2025-11-16
54,Rebecca Welch,8514799704,6th of October,29.977478,30.930471,2025-04-28
55,Stephanie Baker,624.290.1883x581,Nasr City,30.055616,31.33816,2025-06-10
56,Steven Smith,+1-322-858-2680,6th of October,29.977705,30.944232,2025-10-04
57,Kevin Lopez,934-771-2816x9864,Maadi,29.949808,31.24876,2026-01-11
58,Pamela Reid,690.370.0835,Nasr City,30.078282,31.333546,2025-12-05
59,Amanda Foster,272-457-2350,Maadi,29.962276,31.258701,2025-12-16
60,Natalie Espinoza,525-838-7910,6th of October,29.962631,30.922473,2025-08-01
61,Jason Cantrell,435.649.0391x7644,Nasr City,30.080218,31.346457,2026-03-13
62,Melissa Smith,551-849-8208x9259,6th of October,29.952018,30.958633,2025-07-21
63,Rachel Anderson,292.492.5803x675,6th of October,29.989945,30.95562,2025-11-12
64,Brittany Rogers,876.235.8324x4958,Nasr City,30.076645,31.320977,2026-03-08
65,Tamara Kelly,520.659.7311x81208,6th of October,29.988846,30.949341,2025-10-14
66,Angela Parker,+1-746-533-0020x50315,Maadi,29.9638,31.278602,2025-11-01
67,Brian Rodriguez,650.488.8986,6th of October,29.986495,30.951131,2025-11-28
68,Jessica Vargas,+1-621-262-5469x8356,Maadi,29.95358,31.250744,2025-09-24
69,Parker Oneal,549-324-3306x820,Maadi,29.973883,31.27553,2025-06-19
70,Brandon Arnold,+1-284-406-3905x9916,6th of October,29.983332,30.947499,2025-10-24
71,Matthew Thomas,+1-500-404-5419x0723,Maadi,29.9748,31.25252,2025-07-09
72,Jamie Rogers,280.565.0069,Nasr City,30.065731,31.309738,2025-10-24
73,Margaret Edwards,895-415-0489x35841,Maadi,29.950662,31.262633,2025-11-02
74,Brian Brooks,(781)266-5845,Maadi,29.972104,31.253408,2025-08-14
75,Sara Moore,(878)479-9840,Maadi,29.97,31.247633,2025-04-16
76,Tanya Rodriguez,001-459-638-5281,Nasr City,30.044667,31.329554,2026-01-19
77,James Beard,802.755.1079,Nasr City,30.071644,31.347334,2025-04-02
78,Colleen Bush,001-325-530-6445x167,Nasr City,30.074407,31.319133,2025-10-24
79,Ruben Turner,+1-535-389-2235x4970,6th of October,29.952414,30.960006,2025-08-16
80,Andrew Wagner,498.556.0173x68357,Nasr City,30.058958,31.315232,2025-09-23
81,Larry Parker,233-651-3287x289,Maadi,29.961169,31.267584,2025-06-09
82,Anthony Baker,701.768.2915x86484,Nasr City,30.080795,31.337816,2025-05-14
83,Gregory Reyes,310.820.7804,Nasr City,30.059384,31.318209,2025-09-12
84,Rachel Diaz,463-743-0239x36974,Maadi,29.939776,31.243643,2025-07-28
85,Deanna Fisher,(294)764-5373,6th of October,29.985618,30.949646,2025-05-20
86,Travis Anderson,320-694-5514,Nasr City,30.062265,31.327239,2026-01-03
87,Kurt Arnold,838.728.5500x1837,6th of October,29.96734,30.946134,2025-08-27
88,Casey Snyder,459-346-2719x910,6th of October,29.966385,30.946534,2025-12-05
89,Paul Smith,499-571-8610x15832,6th of October,29.977748,30.928017,2026-01-11
90,Jeremy Bruce,473-961-9173x2597,Maadi,29.94026,31.262431,2025-07-25
91,Caleb Mcintosh,2765784902,6th of October,29.966927,30.947232,2025-05-11
92,Sheila Perez,(969)387-6448x6445,6th of October,29.989059,30.936944,2025-05-23
93,Matthew Richardson,001-622-914-3094x174,Maadi,29.947032,31.241774,2026-01-26
94,Tammy Wright,339-546-3357x25263,6th of October,29.955178,30.94882,2025-11-11
95,Christopher Jones,+1-706-927-3808x502,6th of October,29.985195,30.922431,2025-07-09
96,James Johnson,605-766-9933,Maadi,29.943927,31.266869,2025-06-19
97,Valerie Mitchell,+1-680-602-1614x68315,Maadi,29.968603,31.271139,2025-09-15
98,Marissa Cain,(659)371-1535x02058,Nasr City,30.072625,31.340573,2025-04-13
99,Barbara Hodge,(641)719-8251,Nasr City,30.057481,31.339357,2026-02-10
100,Sean Ray,218-384-5042x32632,Nasr City,30.076937,31.32546,2025-12-06
101,Kevin Moreno,(285)714-7029x333,6th of October,29.955525,30.957602,2025-12-02
102,Marc Terry,(513)807-6215x3263,6th of October,29.964202,30.957321,2025-11-19
103,Caleb Collins,(411)204-6636x2685,6th of October,29.987615,30.925151,2025-03-26
104,Kenneth Chaney,001-529-408-9183,Maadi,29.977224,31.261938,2025-05-22
105,Tonya Butler,001-441-450-2883x2481,6th of October,29.963128,30.934647,2026-01-20
106,Pamela Wolf,329.910.6479x05646,Nasr City,30.074263,31.339885,2025-12-30
107,Karen Gilmore,201.875.5040x0866,Maadi,29.941502,31.260981,2025-08-09
108,Matthew Christian,(626)383-9162x24118,Maadi,29.953237,31.243683,2025-10-14
109,Mario Lucas,(989)737-1313,Maadi,29.963929,31.243045,2025-03-21
110,Stephanie Underwood,580-290-0443x79933,Nasr City,30.045511,31.341174,2025-05-31
111,Bailey Smith,+1-324-202-4014x73730,Nasr City,30.045994,31.347766,2025-03-25
112,Heather Smith,001-991-394-4622x617,Nasr City,30.075112,31.34619,2026-02-15
113,Steven Hurst,962.899.8685x20182,Maadi,29.95425,31.24234,2025-11-02
114,Michael Williams,+1-514-359-1845x1437,Maadi,29.956169,31.275254,2025-06-23
115,Barbara Aguirre,8659009959,6th of October,29.951854,30.940246,2025-07-05
116,Theresa Morales,+1-999-401-1882x856,6th of October,29.956101,30.947468,2026-02-01
117,Jennifer Li,685.661.1931,Nasr City,30.081087,31.323295,2026-01-25
118,Kevin Jones,001-336-405-3678x559,Maadi,29.948144,31.277529,2025-09-21
119,Margaret Flores,(237)572-7983x4958,6th of October,29.953126,30.957146,2025-11-03
120,Lauren Anthony,+1-302-802-4963x73058,Nasr City,30.045552,31.330454,2026-03-10
121,Amy Hart,+1-623-544-2123x94799,Nasr City,30.067776,31.33613,2025-06-13
122,Maria Serrano,991-310-7791,6th of October,29.974773,30.957546,2025-06-01
123,Kaitlyn Thomas,6648308060,Nasr City,30.080616,31.343911,2025-10-27
124,Rebecca Fisher,852.906.2855,Maadi,29.950295,31.246525,2025-08-05
125,Jocelyn Long,610.447.9424,Nasr City,30.065946,31.311409,2025-09-08
126,Shirley Davis,946-932-7739,Maadi,29.967126,31.260444,2025-08-26
127,Sarah Salazar,825.734.5525x54768,Maadi,29.966589,31.245505,2026-01-13
128,Angela Nichols,526-443-3040x299,6th of October,29.989392,30.950529,2025-08-30
129,Todd Henderson,(529)247-9319x7168,6th of October,29.988709,30.956143,2025-06-22
130,Lawrence Gonzalez,001-621-301-3533,6th of October,29.966459,30.953922,2025-09-02
131,Connie Yu,+1-265-272-0656x4207,Nasr City,30.066365,31.323536,2026-03-16
132,Heather Wagner,488-533-7885,6th of October,29.984933,30.940248,2026-03-21
133,Chad Wells,001-899-610-5182x4784,6th of October,29.953655,30.956089,2026-01-21
134,Carol Russell,(487)729-3014x144,Nasr City,30.082465,31.330517,2025-05-14
135,Craig Mills,(861)458-4504,6th of October,29.985386,30.931394,2025-06-07
136,Anna Collins,+1-657-637-4627x12830,Nasr City,30.080762,31.332547,2026-03-08
137,Chris Hanson,001-319-273-3347x068,Nasr City,30.067325,31.322627,2025-08-24
138,Marvin Skinner,+1-513-635-4921x32962,Maadi,29.960012,31.269893,2025-03-21
139,Heather Scott,(201)227-3914x0747,Maadi,29.961276,31.261438,2025-05-30
140,Kristin Perez,001-319-267-7798x4303,6th of October,29.956761,30.922651,2025-12-02
141,Eric Smith,001-475-294-1966x4671,Nasr City,30.070763,31.316819,2025-10-27
142,Jennifer Gibson,001-342-524-7844x5034,Maadi,29.953224,31.262597,2025-09-04
143,Shelley Johnson,001-501-647-9687x2146,Maadi,29.975366,31.25293,2025-08-26
144,Evan Mullen,+1-267-411-7458x235,Maadi,29.955062,31.263883,2025-12-26
145,Brandon King,947-302-6758,Maadi,29.945083,31.276064,2025-10-24
146,Mark Smith,5515513164,6th of October,29.969765,30.960701,2025-05-19
147,Shannon Lee,(451)344-4777,Maadi,29.964536,31.248606,2025-11-29
148,Angela Smith,562-540-8347x4805,6th of October,29.956522,30.927576,2025-09-16
149,Joshua Jones,001-503-552-5807x936,Nasr City,30.049875,31.322127,2026-01-22
150,Kelli Wood,(724)843-1101x645,6th of October,29.978102,30.928393,2026-01-25
151,Linda Williams,(482)648-2429x692,Maadi,29.945957,31.250144,2025-12-24
152,Jose Buchanan,001-860-455-6264x880,Nasr City,30.047425,31.326731,2026-01-24
153,Cassandra Jones,(410)402-8182x3152,Nasr City,30.062737,31.335916,2025-07-31
154,Blake Santos,319-694-5933,6th of October,29.976516,30.92477,2025-03-24
155,John Garrett,226-403-8857x6746,Nasr City,30.045043,31.319375,2025-11-12
156,Alexander Callahan,(979)405-3845x204,6th of October,29.958781,30.929874,2025-05-29
157,Edward Fletcher,507.364.5786x48047,Nasr City,30.06733,31.323057,2026-03-15
158,Luis Bennett,822.503.9884x68066,6th of October,29.952867,30.931597,2025-11-09
159,Lisa Jones,220-935-8302x54748,Maadi,29.959667,31.260285,2025-10-26
160,Jeremy Grant,+1-609-846-0612,6th of October,29.972705,30.931199,2026-01-22
161,Mark Love,+1-595-933-0444x892,6th of October,29.952203,30.934383,2025-12-05
162,Courtney Elliott,3514069259,Maadi,29.94399,31.274621,2025-08-09
163,Robert Clark,366.205.9469x7163,6th of October,29.982967,30.941438,2026-02-13
164,Jon Chang,291-423-1170x9376,6th of October,29.974874,30.951318,2026-03-06
165,Gregory Sawyer,+1-836-983-5217x428,Nasr City,30.053951,31.322823,2025-05-27
166,Curtis White,001-683-242-2401x9940,6th of October,29.965644,30.960961,2025-04-27
167,David Brown,2987238657,Nasr City,30.046671,31.314414,2026-02-27
168,Kimberly Ponce,564.750.4279x057,Maadi,29.946663,31.250404,2025-05-22
169,Corey Smith,(885)285-3502,Nasr City,30.045809,31.32928,2025-04-12
170,Alicia Jackson,775-704-7435x185,Nasr City,30.047082,31.324214,2025-05-23
171,Samuel Rivera,8087392512,Maadi,29.971883,31.249316,2025-12-07
172,David Williams,+1-358-905-3056x6662,Nasr City,30.079775,31.330571,2025-05-29
173,Matthew Singh,001-579-222-6523,Maadi,29.96998,31.246482,2025-05-23
174,Megan Stephens,8419226052,6th of October,29.971704,30.931196,2025-07-03
175,Mario Morales,7588535062,6th of October,29.962945,30.94475,2025-05-26
176,Melissa King,(963)213-2240,Nasr City,30.063904,31.310373,2026-01-15
177,Nathan Roberts,(790)804-3209x62606,6th of October,29.953935,30.961098,2026-01-03
178,Patricia Fox,001-333-343-9267,Maadi,29.949386,31.26626,2025-05-03
179,Alan Hall,+1-437-263-3316x4583,6th of October,29.970263,30.937974,2025-06-15
180,Karen Wright,741-369-0646,Maadi,29.972425,31.277601,2026-02-20
181,Jeffrey Sandoval,942-597-1659x727,6th of October,29.988934,30.928749,2026-01-28
182,Ashley Thomas,+1-704-221-3757x382,Nasr City,30.065579,31.341973,2025-12-04
183,Taylor Smith,+1-679-832-5591x994,6th of October,29.959465,30.928046,2025-06-17
184,Benjamin Briggs,+1-967-405-2898,6th of October,29.978008,30.942423,2025-07-30
185,Jacob Wilkins,(276)464-7312,6th of October,29.967098,30.954164,2025-11-25
186,Rebecca Washington,387-701-9112x43074,Maadi,29.957707,31.251055,2025-08-30
187,Craig Glass,8458802135,Maadi,29.948489,31.274983,2025-11-11
188,Ricky Sawyer,+1-782-541-8253,Nasr City,30.078859,31.33327,2025-05-08
189,Robert Arias,+1-714-985-2458x1259,Maadi,29.964308,31.252396,2025-10-16
190,Michelle Wise,+1-275-626-9958,6th of October,29.976203,30.942838,2025-10-28
191,Brittany Rose,001-910-248-2121x0866,6th of October,29.957467,30.933969,2025-08-07
192,Donna Coleman,(793)471-0906x1317,Maadi,29.940541,31.261796,2026-03-13
193,Emily Ingram,+1-417-714-1583x034,6th of October,29.965083,30.95435,2025-05-02
194,Lynn Williams,989-267-0048x585,Nasr City,30.0477,31.324191,2025-07-20
195,Jesse Nguyen,6392568856,Nasr City,30.05177,31.33719,2025-07-07
196,Eileen Gallegos,851.528.9655x905,Maadi,29.966958,31.260709,2025-08-05
197,Louis Chavez,(285)813-8585,Maadi,29.946464,31.275338,2025-08-07
198,Aaron Hall,(780)510-4491x059,Nasr City,30.06108,31.346191,2026-01-21
199,Mark Pope,(500)592-6696x42466,Nasr City,30.062836,31.332758,2025-06-20
200,Shawn Fields,556-263-6711,Maadi,29.976485,31.261605,2025-09-10
201,Pamela Alvarez,001-932-722-4228x934,Maadi,29.96749,31.245102,2025-04-23
202,Wendy Howell,383.319.7971x3956,Maadi,29.956165,31.268458,2025-09-18
203,Thomas Wright,+1-670-643-1817x496,6th of October,29.969434,30.92603,2025-08-13
204,Michael Tate,658-824-0049x090,Maadi,29.944187,31.275834,2025-04-04
205,Jeffrey Harrison,626.741.1558,Maadi,29.962851,31.25496,2025-06-29
206,Steve Williams,001-764-875-4609,6th of October,29.983514,30.921685,2025-11-06
207,Luis Tyler,001-279-217-4274x219,Nasr City,30.064096,31.345094,2025-07-12
208,Lori Rivas,+1-932-749-4645x169,Maadi,29.9687,31.257089,2025-12-20
209,Lynn Alvarez,001-272-822-2343x6233,6th of October,29.957034,30.928555,2026-02-07
210,Sharon Harris,001-776-639-7940,Maadi,29.975794,31.253496,2025-04-01
211,Cynthia Sanchez,931.290.6859x5976,Maadi,29.939724,31.265541,2025-09-05
212,John Ramirez,703.514.9897x51294,6th of October,29.957347,30.938085,2025-08-19
213,Derrick Mcdowell,001-495-392-4577x80863,Nasr City,30.062688,31.332115,2025-07-24
214,Johnny Bush,545.525.8437x99357,6th of October,29.959796,30.957422,2025-04-27
215,Paul Taylor,641-924-6817x248,Maadi,29.940662,31.257883,2025-05-05
216,Rebecca Rodriguez,+1-270-560-3890,Nasr City,30.073621,31.326432,2026-01-23
217,Donald Rosario MD,(404)869-4407x301,6th of October,29.967431,30.943886,2025-07-09
218,David Ingram,001-988-604-3658x858,6th of October,29.985871,30.959345,2026-02-20
219,Susan Collins,795-438-6793x99015,Nasr City,30.06836,31.324649,2025-09-08
220,Marie Scott,001-698-247-1206,Maadi,29.967839,31.265357,2025-07-05
221,Joyce Gross,710.324.9834x521,6th of October,29.960643,30.948376,2025-05-25
222,Richard Edwards,965.950.1713,6th of October,29.983397,30.928642,2026-02-25
223,Thomas Mercer,001-389-876-8118x4954,6th of October,29.955378,30.931227,2025-06-10
224,Dawn Jenkins,001-464-986-5420,Maadi,29.972409,31.254887,2026-01-31
225,Cindy Sullivan,+1-455-431-4452x6750,6th of October,29.963126,30.957353,2025-04-14
226,John Allen,(509)676-9992x34205,Nasr City,30.050915,31.309361,2025-09-26
227,Tyler Zimmerman,(507)706-7872x50919,Nasr City,30.059457,31.344007,2026-03-12
228,Danielle Hoffman,691.672.9277,6th of October,29.961777,30.936688,2025-09-13
229,Kenneth Jones,+1-438-749-5750,6th of October,29.976366,30.937876,2025-03-22
230,Angela Thomas,(694)721-3455x52241,Nasr City,30.054379,31.346238,2025-09-23
231,Laura Kim,3076235696,Nasr City,30.077339,31.327797,2025-05-19
232,Kevin James,885.944.4067x687,6th of October,29.968409,30.922399,2025-07-26
233,Tracy Holloway,(877)869-9923,Nasr City,30.067939,31.318616,2025-04-03
234,Beverly Simmons,613-330-9712x7845,Maadi,29.978576,31.260028,2025-05-25
235,Claudia Smith,648-782-6211x50020,Maadi,29.939936,31.275572,2026-02-17
236,Phillip Golden,001-915-864-9820x370,Maadi,29.950162,31.261167,2025-10-05
237,William Rivera,844.989.5720x40741,Maadi,29.947457,31.23944,2026-01-08
238,Cody Norton,(866)891-5061,Nasr City,30.077556,31.332197,2025-08-15
239,Christine Jensen,(299)631-0402x0362,Maadi,29.946215,31.275576,2025-07-25
240,Felicia Richmond,616.536.8780x822,6th of October,29.972157,30.923379,2025-07-23
241,David Phillips,596-710-5284x920,6th of October,29.954712,30.945626,2025-05-10
242,Donna Greene,(685)229-6718x43378,Maadi,29.950748,31.253227,2025-06-17
243,Richard Atkinson,245.927.8773x9481,6th of October,29.974056,30.940542,2025-06-20
244,Benjamin Taylor,545.875.0491x19694,Maadi,29.968503,31.247598,2025-07-01
245,Brittany Ruiz,(401)962-5001,Maadi,29.963003,31.241057,2025-12-07
246,Lisa Stone,(295)771-7716x850,Maadi,29.95257,31.269836,2025-04-24
247,Jordan Goodwin,001-737-601-1423,6th of October,29.980528,30.94132,2025-04-19
248,Benjamin Smith,294.786.0749x74223,6th of October,29.961256,30.954264,2026-01-30
249,Jeffrey Porter,001-449-222-3238x3762,Maadi,29.950086,31.262609,2025-11-28
250,Robert Brandt,530.465.7077,Maadi,29.975893,31.244473,2025-08-22
251,Jonathan Ho,001-541-741-8023x512,Maadi,29.946605,31.260676,2025-10-19
252,Jeffrey Pierce,606-575-3408,Maadi,29.971462,31.265351,2025-04-05
253,Tonya Stanley,468.711.8473,Nasr City,30.052587,31.327877,2025-06-19
254,Patricia Marshall,+1-367-925-2270x973,Maadi,29.976962,31.240577,2025-05-10
255,John Tucker,(962)307-4313x03648,6th of October,29.958623,30.944218,2026-02-24
256,Elizabeth Jackson,+1-596-630-1614,Maadi,29.967097,31.250894,2025-07-31
257,Mark Hall,(390)389-9760,Nasr City,30.080371,31.327269,2026-02-01
258,Maria Waller,+1-447-326-0370,6th of October,29.964164,30.954657,2025-06-27
259,Bill Miller MD,8015596208,Nasr City,30.0518,31.313123,2025-04-24
260,Lindsay Robertson,(485)399-6360,Maadi,29.952795,31.267991,2026-02-28
261,Jason Garza,+1-896-227-2437x0037,6th of October,29.97298,30.953129,2025-12-24
262,Brian Adams,304-463-7508,Maadi,29.974639,31.263635,2025-12-20
263,Patrick Sanchez,(258)770-9997x82176,6th of October,29.986204,30.922351,2025-04-16
264,Terri Moore,+1-456-269-3902,6th of October,29.988963,30.953451,2025-12-30
265,Gabriela Wright,+1-462-468-8827x462,6th of October,29.982088,30.937577,2025-08-18
266,David Flores,4888454599,Nasr City,30.077547,31.347663,2025-07-31
267,Tara Lynch,+1-461-537-6337x312,Maadi,29.956054,31.268503,2025-05-10
268,James Allen,(749)544-4894,Nasr City,30.056785,31.31979,2025-09-20
269,Kyle Benjamin,(955)292-2071x2346,Nasr City,30.044284,31.309015,2026-03-05
270,Jennifer Sanchez,+1-315-525-7802x706,Maadi,29.954573,31.266186,2026-02-18
271,Amy Joseph,7697299382,Maadi,29.970654,31.242576,2025-06-24
272,Shawn Smith,967.649.4200x19415,Maadi,29.976989,31.257696,2026-02-04
273,Luis Montes,689-706-1057,6th of October,29.991047,30.930767,2025-03-29
274,Savannah Ortega,+1-402-464-2828x111,Nasr City,30.066909,31.328808,2025-05-27
275,Jason Cross,+1-802-441-9298,Nasr City,30.051419,31.315758,2026-03-06
276,Erika Greene DVM,+1-548-555-6881x3862,Nasr City,30.044914,31.347064,2025-04-01
277,Sarah Walsh,2494489945,Nasr City,30.082396,31.315256,2025-12-11
278,Suzanne Howell,(739)816-4296x06901,Nasr City,30.070441,31.314456,2025-09-22
279,Ian Campbell,937.334.5296x575,6th of October,29.960353,30.942979,2025-11-14
280,Mark White,+1-581-569-9907x7784,Maadi,29.942859,31.274098,2026-03-07
281,Kathy Thompson,589.881.3584x02022,6th of October,29.98695,30.959726,2025-04-12
282,Mia Taylor,+1-581-867-6954,6th of October,29.97761,30.943534,2026-01-20
283,Marissa Fisher,+1-802-409-4889,6th of October,29.966308,30.93189,2025-09-07
284,Alexis Holt,393-959-2512x99514,Maadi,29.942442,31.247807,2025-03-22
285,Kyle White,234-479-1976x938,Maadi,29.973248,31.258806,2025-10-16
286,Stephanie Gonzalez,4999998030,Nasr City,30.075587,31.322212,2025-09-08
287,Anita Oconnell,(254)824-2702,6th of October,29.962081,30.956645,2025-11-02
288,Donna Roberts,001-820-573-3547x72438,Nasr City,30.076623,31.342992,2025-12-04
289,Jessica Parrish,439-556-8385x4937,Maadi,29.967099,31.266206,2026-01-03
290,Peter Hernandez,973-902-1904x0534,Maadi,29.945544,31.274235,2025-08-21
291,Anne Gomez,001-707-757-3988x6930,Maadi,29.972233,31.244155,2026-01-06
292,Rebecca Bishop,+1-324-445-9615x8830,Maadi,29.94563,31.271719,2025-07-15
293,Bryan Moore,9074944787,6th of October,29.951655,30.932982,2026-02-24
294,Shawn Patterson,(918)578-3880,Nasr City,30.067873,31.318692,2025-09-24
295,Thomas Davis,+1-529-823-0877,Maadi,29.970394,31.243279,2025-11-12
296,Nathan Green,(413)580-4610,Nasr City,30.08112,31.321975,2025-05-27
297,Thomas Hernandez,001-489-931-3872,Maadi,29.9433,31.276489,2025-09-30
298,Gary Acosta,204.257.9683,Nasr City,30.054639,31.336627,2025-06-09
299,Steven Goodwin,001-363-515-4885x54739,Nasr City,30.056435,31.333137,2025-09-24
300,Peggy Morales,001-508-761-7533x2310,Maadi,29.97814,31.277755,2026-01-30
301,Geoffrey Thomas,942.848.4432x78277,Maadi,29.969531,31.239983,2026-01-15
302,Adam Zamora,8134303183,Nasr City,30.062146,31.339116,2025-07-27
303,Kevin Edwards,(595)866-1488,6th of October,29.962345,30.961385,2025-12-10
304,Paul Black,980.898.7066,Maadi,29.945745,31.270792,2025-03-24
305,Stephanie Berry,+1-624-908-1727x4891,Maadi,29.942495,31.26622,2025-09-26
306,Brandy Cervantes,(812)992-4496,6th of October,29.989435,30.927542,2026-02-13
307,Ryan Branch,741.312.0380x774,6th of October,29.968189,30.947041,2026-02-08
308,Gail Lester,662-550-5102x88554,Maadi,29.978559,31.255373,2025-06-29
309,Dawn Hutchinson,+1-492-291-4070x14765,Maadi,29.947724,31.240245,2025-09-02
310,Cameron Martinez,(679)488-5184,Maadi,29.973774,31.257928,2025-08-21
311,Brian Fitzpatrick,612-919-5390x0352,Maadi,29.973945,31.270064,2025-12-18
312,John Gray,(256)582-9127x71115,Nasr City,30.073041,31.333349,2025-09-04
313,Susan Cox,449.863.5974,Nasr City,30.079434,31.332966,2025-04-27
314,Dr. Angel Blackwell,7199378492,Nasr City,30.047292,31.313307,2025-05-25
315,John Cline,295.492.4624,Maadi,29.947221,31.258664,2025-07-02
316,Cassandra Gentry,533.291.5028x357,Nasr City,30.05336,31.340202,2026-02-21
317,Daniel Price,+1-345-221-2299x22142,Maadi,29.939665,31.241898,2026-02-15
318,James Robbins,7744812212,Maadi,29.963201,31.250667,2025-09-05
319,Michael Flores,001-709-371-3252x6413,Nasr City,30.073794,31.309885,2025-07-19
320,Christopher Scott,001-896-804-0750,Maadi,29.948882,31.278467,2026-01-23
321,Jason Daugherty,6765458709,Nasr City,30.067326,31.336399,2025-05-17
322,Danny Travis,(344)901-9074,Nasr City,30.055658,31.329008,2025-09-27
323,Rachel Chase,(663)328-2307x8689,Nasr City,30.043928,31.311443,2025-11-09
324,Christine Park,001-442-858-4319x25002,Nasr City,30.065302,31.335879,2025-07-21
325,Melanie Barnes DDS,737.852.0114,Nasr City,30.049299,31.312483,2026-01-07
326,Thomas Stafford,(995)859-5545x70523,6th of October,29.952663,30.958948,2025-05-22
327,Karina Allen,895.754.6132x42447,6th of October,29.979762,30.956339,2025-09-29
328,Valerie Sullivan,+1-683-649-9810x446,6th of October,29.964978,30.954093,2026-01-22
329,Steven Kelley,487-272-1432,6th of October,29.973304,30.954192,2025-07-31
330,Tammy Peters,804-329-2132x0379,6th of October,29.972456,30.950764,2025-06-18
331,Luis Lyons,(546)532-9242x471,Nasr City,30.052484,31.314682,2026-01-21
332,Kelsey Huang,001-388-205-2606x70623,Maadi,29.978235,31.252476,2026-02-16
333,Erika Williams,001-626-548-7968x12239,Maadi,29.965548,31.258928,2025-11-26
334,Jacob Hensley,254.391.5170x17063,Nasr City,30.051738,31.348153,2026-01-30
335,Kimberly White,330.329.8391x0475,Maadi,29.947182,31.266209,2025-10-13
336,Matthew Suarez,(983)919-0327x51482,Maadi,29.949507,31.257505,2025-06-30
337,John Newton,001-349-214-0470x842,6th of October,29.981108,30.93852,2025-12-03
338,Elizabeth Leonard,866-441-6002x138,6th of October,29.990906,30.923104,2026-02-19
339,Hannah Reynolds,490-401-9321,6th of October,29.968945,30.95051,2025-06-21
340,Nathan Wagner,314.924.3588x1910,Maadi,29.975228,31.255869,2025-10-12
341,Rodney Alvarado,001-987-857-1094x6382,6th of October,29.987895,30.929926,2025-06-19
342,Michael Bennett Jr.,970-702-5401,Nasr City,30.071925,31.313563,2026-02-23
343,Adam Cooley,+1-560-317-9081,Maadi,29.946387,31.248502,2026-01-13
344,Kristen Wilkins,530.326.3045x82178,Maadi,29.973375,31.258691,2025-04-06
345,Austin Blankenship,+1-722-442-4096x25896,6th of October,29.969212,30.942093,2026-01-10
346,Michelle Young,(835)722-8333x69278,Nasr City,30.049141,31.323943,2025-08-03
347,Heidi Gallegos,591.725.1871x5632,6th of October,29.977669,30.934508,2025-04-05
348,Kelly Graham,348.402.1258x95786,6th of October,29.990193,30.939652,2025-12-15
349,Bonnie Parrish,001-277-502-5737,Maadi,29.94599,31.259791,2025-04-04
350,Christina Garcia,001-590-477-3827x2777,Maadi,29.956436,31.248949,2025-10-06
351,Alexandria Tran,764-925-0118x88713,6th of October,29.958082,30.928205,2026-03-02
352,Dr. Kathy Williams,739.394.5426,Maadi,29.965752,31.257985,2025-11-08
353,Michael Caldwell,001-768-957-8457x3547,Maadi,29.962614,31.273731,2026-01-21
354,Lori Campbell,786-840-7559x77920,Maadi,29.94999,31.241283,2025-05-04
355,Scott Burnett,231.881.4199x569,6th of October,29.952974,30.926384,2025-05-09
356,Ryan Sparks,+1-505-792-0253x91833,Maadi,29.951846,31.259289,2025-03-29
357,David Luna Jr.,001-675-498-0123x9257,6th of October,29.990865,30.960105,2025-04-07
358,Gregory Mcconnell,+1-385-251-2126,Maadi,29.964765,31.273717,2025-09-19
359,James Walker,401.355.4194x6009,Nasr City,30.062154,31.334975,2026-01-03
360,Justin Davis,4613233815,Maadi,29.951517,31.267187,2025-07-19
361,Cynthia York,(823)765-7268,6th of October,29.990196,30.925256,2026-01-31
362,Heather Taylor,001-821-426-5947x40746,Maadi,29.973926,31.246086,2025-09-07
363,Brittany Long,912.866.4949,6th of October,29.989185,30.94883,2025-05-05
364,Jeanne Kelly,811.436.9094x169,6th of October,29.986156,30.944324,2025-06-20
365,Michelle Rivera,(655)869-6024,Maadi,29.966781,31.266061,2025-05-01
366,Lisa Valdez,001-523-282-2931,6th of October,29.967155,30.947549,2025-12-31
367,Cheryl Mckenzie,001-240-235-3637x423,Maadi,29.979177,31.240928,2025-09-07
368,Linda Morgan,(503)752-7494x778,Nasr City,30.07743,31.339595,2025-11-29
369,Austin Jones,399.760.8236,6th of October,29.986541,30.937666,2025-05-31
370,Shawn Green,992.532.0194x9336,6th of October,29.983714,30.951991,2025-12-15
371,Joseph Moss,2179409518,6th of October,29.984113,30.926308,2025-05-30
372,Larry Pittman,(319)261-2130,6th of October,29.964383,30.936158,2025-09-27
373,Stephanie Johnson,903.961.5898x53224,Nasr City,30.058142,31.326248,2025-12-01
374,Cameron Stone,2445193748,Nasr City,30.051691,31.311228,2025-05-15
375,James Woodward,677-690-4181x94035,Maadi,29.96398,31.25754,2025-04-17
376,Jennifer Collins,9554563303,6th of October,29.972163,30.940667,2025-06-16
377,Thomas Hardy,(965)984-4463,6th of October,29.966608,30.937453,2025-10-29
378,Zoe Lambert,001-517-808-9026x872,Nasr City,30.066916,31.338895,2026-02-01
379,Eddie Berry,(457)451-0299x806,Maadi,29.977421,31.239729,2025-12-14
380,Tracy Scott,4393304185,Nasr City,30.068499,31.344221,2025-03-27
381,Susan Ward,+1-897-547-3252x1824,Nasr City,30.045011,31.345677,2025-07-18
382,Lindsey Morris,(943)494-6241x516,Maadi,29.958635,31.249271,2025-08-04
383,Zachary Washington,997.902.0708x37437,6th of October,29.983521,30.943066,2025-11-25
384,Shawn Guzman,5645010863,6th of October,29.980046,30.932405,2025-04-08
385,Stephen Gonzalez,(277)377-7868,Nasr City,30.049846,31.335545,2025-06-22
386,Joe Stanton,855.693.7840,Nasr City,30.070962,31.312575,2025-05-11
387,Michele Douglas,001-590-576-3776x638,Nasr City,30.081117,31.327642,2025-06-29
388,Michael Tucker,381-793-6718,Maadi,29.940937,31.264326,2025-09-09
389,Tara Barrera,+1-637-631-9807,Maadi,29.971968,31.274368,2025-12-01
390,Kimberly Hill,936-421-7408x233,Nasr City,30.067039,31.324741,2025-09-15
391,Ashlee Cannon,001-688-534-7618x94218,6th of October,29.965537,30.930975,2025-07-11
392,Jennifer Murphy,303.367.2179x3600,6th of October,29.984305,30.93845,2026-02-15
393,James Holland,+1-257-705-0732x5600,Maadi,29.964154,31.257071,2026-01-22
394,Richard James,303.866.3326x734,Maadi,29.968675,31.273512,2025-10-09
395,Denise Padilla,6164876120,6th of October,29.952346,30.947179,2025-07-07
396,Tammy Henderson,001-708-677-2116x572,Maadi,29.948478,31.254636,2026-01-06
397,Jessica Gilbert,(790)709-7302x825,6th of October,29.990911,30.926958,2025-06-11
398,Pamela Williams,001-823-452-6057x8983,Nasr City,30.059728,31.337004,2025-12-30
399,Amy Jones,001-217-771-5784x774,Maadi,29.944336,31.243164,2025-06-29
400,Sara Bush,966-723-5183x7879,Nasr City,30.053566,31.311477,2025-04-30
401,Kimberly Baker,+1-602-811-2998x39832,Maadi,29.946875,31.251935,2026-02-02
402,Scott Hudson,001-397-267-8927x169,Maadi,29.941977,31.259762,2025-08-08
403,Kristin Barton,200.491.4807,Nasr City,30.051948,31.3299,2025-05-30
404,Kelly Williams,+1-749-492-2735x81088,Nasr City,30.063918,31.321273,2025-08-26
405,Brooke Mercado,(267)421-0942x57927,Maadi,29.978966,31.265474,2025-09-26
406,Rachel Bryan,493-955-4466,Nasr City,30.061208,31.310706,2025-10-24
407,Dale Landry,852-513-3276,6th of October,29.958412,30.9491,2025-12-14
408,Patrick Frazier,001-446-749-7858x7952,6th of October,29.955267,30.939515,2025-06-16
409,Scott Hodge,(312)514-4265x889,Nasr City,30.069196,31.340118,2025-09-12
410,David Christian,368-353-4147x042,6th of October,29.967373,30.927597,2026-03-05
411,Heather Bauer,+1-634-830-0334x0285,6th of October,29.972998,30.955181,2025-12-02
412,Todd Ferrell,001-797-519-4159,6th of October,29.954965,30.951711,2026-01-11
413,Melanie Moore,+1-571-369-8388x568,Maadi,29.970481,31.26735,2025-06-07
414,Matthew Coleman,001-717-866-9758x1955,6th of October,29.961925,30.935905,2025-07-18
415,Kayla Sheppard,001-783-703-1166x027,6th of October,29.973552,30.933721,2025-06-09
416,Steve Wells,+1-595-696-5127x37481,Nasr City,30.066624,31.328927,2025-10-26
417,Katherine Little,(421)779-5447x72083,6th of October,29.991086,30.955557,2025-06-20
418,Adrienne Herrera,001-301-449-7088x61495,Maadi,29.943855,31.271698,2025-06-22
419,Sheila Trevino,482-874-6611x7088,Maadi,29.973922,31.271237,2025-09-26
420,William Rogers,4258311835,Nasr City,30.045837,31.324419,2025-11-16
421,Benjamin Bailey,572-690-6949,Maadi,29.953044,31.278024,2025-09-21
422,James Johnston,974.207.0161x9529,Maadi,29.944501,31.273481,2026-03-08
423,Jacob Edwards,(504)958-9967,6th of October,29.97565,30.952092,2025-12-28
424,Rachel Haynes,001-758-388-7967x77751,6th of October,29.967347,30.927355,2026-03-16
425,Jennifer Hamilton,729.913.7190x743,Maadi,29.940232,31.244407,2025-11-21
426,Devin Arnold,001-250-610-4086x73416,Nasr City,30.081233,31.3256,2025-11-09
427,Felicia Williams,(721)228-7824,Nasr City,30.06018,31.312527,2025-08-25
428,Mark Evans,001-894-871-8052x80372,6th of October,29.976184,30.947508,2025-11-15
429,Steven Brown,(840)967-4573x6547,Maadi,29.97043,31.257392,2025-06-18
430,Casey Livingston,(726)600-9491x10319,6th of October,29.953711,30.949301,2025-12-23
431,Peter Booth,+1-403-357-2092x6083,Nasr City,30.04829,31.313155,2025-04-20
432,Zachary Chase,(383)801-8828,Maadi,29.966886,31.241492,2025-03-23
433,Christina Patton,+1-473-834-7953x734,6th of October,29.983959,30.946109,2025-08-26
434,Stacey Martin,+1-469-894-5625x4293,6th of October,29.972482,30.938543,2025-05-27
435,Diana Meyers,+1-357-929-0792,Nasr City,30.060591,31.316085,2025-09-17
436,Lisa Parker,+1-253-365-5883x97487,6th of October,29.984502,30.950845,2026-02-23
437,Tyler Lozano,5373003745,Nasr City,30.059246,31.327554,2026-03-18
438,Elizabeth Armstrong,+1-231-981-2045x5996,Nasr City,30.073012,31.313784,2025-08-03
439,Evan Kelley,227-259-3391x79665,Maadi,29.939685,31.248648,2025-04-18
440,Lauren Howard,+1-775-465-6611x6721,Maadi,29.977583,31.258514,2025-11-23
441,John Smith,+1-631-955-5082,6th of October,29.969575,30.955274,2026-01-12
442,Timothy Morgan,9162868825,Nasr City,30.048602,31.321287,2025-05-30
443,Mr. Andrew Hanson,3108790105,Nasr City,30.057636,31.324079,2025-04-17
444,Richard Brown,001-285-473-1673x880,Maadi,29.974883,31.277213,2025-11-04
445,Cynthia Hughes,+1-551-560-0749x480,Maadi,29.966725,31.256504,2026-02-19
446,Christina Hayes,(219)542-7327,Nasr City,30.044137,31.34437,2025-07-01
447,Jason Hamilton,(243)594-0955,Maadi,29.965574,31.274805,2025-07-05
448,Martha Strong,+1-723-661-9679,6th of October,29.954066,30.942236,2025-05-08
449,Darren Barrett,255-671-1867x17998,Nasr City,30.063089,31.335509,2026-01-04
450,Darrell Lee,(744)797-5366x82291,Maadi,29.967853,31.241883,2026-02-07
451,Alyssa Ramirez,(206)749-1999x32533,6th of October,29.98966,30.951,2025-05-17
452,Joseph Wells,+1-425-265-1780x28388,Nasr City,30.056588,31.339286,2025-07-22
453,John Prince,(318)660-3794,6th of October,29.958364,30.925436,2025-10-02
454,Heather Porter,(849)796-0839,6th of October,29.962002,30.922338,2025-06-11
455,Rachel Wood,3508617419,Nasr City,30.054418,31.339069,2025-10-18
456,Erica Clements,528.687.9873x031,6th of October,29.959627,30.926355,2026-01-17
457,Eric Wagner,001-813-382-9786x76356,Maadi,29.964956,31.260212,2025-08-16
458,Michael Baird,001-836-549-7510x1323,Maadi,29.971149,31.250713,2025-06-04
459,Miss Danielle Thomas,001-894-345-3975,Maadi,29.962497,31.268923,2025-06-12
460,Shelly Sullivan,(495)215-3983,6th of October,29.956524,30.935031,2025-11-12
461,Michael Hess,597-968-9156x320,Maadi,29.954087,31.256283,2025-11-10
462,Mackenzie Gonzalez,+1-714-495-8351,6th of October,29.989123,30.931128,2026-01-15
463,Brittany Bennett,982.846.5981,Maadi,29.974677,31.264832,2026-01-09
464,Tracey Williams,973-790-8826x1058,Nasr City,30.077055,31.342161,2026-01-19
465,Jeffery Johnston,956.797.1913,6th of October,29.981602,30.939922,2026-03-21
466,Nicole Lee,+1-846-293-3014,6th of October,29.982458,30.947746,2025-08-19
467,Jeffery Daniels,518-523-8706x65083,Maadi,29.978587,31.276496,2025-11-05
468,Sara Warner,(356)585-2165x59171,Nasr City,30.047869,31.337339,2025-12-16
469,Jasmin Peters,(901)270-1716x792,Maadi,29.959434,31.272628,2025-05-15
470,Joseph Weber,001-334-956-8849x4231,Maadi,29.962814,31.259334,2025-10-06
471,Melissa Sparks,001-599-483-3422x4143,Nasr City,30.070155,31.343233,2026-02-12
472,Nathan Marquez,001-964-890-7202x267,Nasr City,30.049003,31.326762,2025-10-23
473,Jason Phillips,001-622-900-8723x2688,Maadi,29.968258,31.278672,2026-02-12
474,Stephen Bonilla,5118631763,Nasr City,30.074603,31.316461,2025-06-27
475,Stephanie Morrow,(939)209-2009x41533,Maadi,29.963839,31.246521,2026-01-22
476,Andrew Freeman,254-780-3054,6th of October,29.973569,30.921709,2025-06-08
477,Michael Hicks,+1-329-587-4600x321,Maadi,29.969029,31.247099,2025-08-14
478,Jessica Flowers,8198851781,6th of October,29.964477,30.927456,2025-10-10
479,Diane Walters,+1-905-459-0568x0198,Maadi,29.979053,31.253732,2025-09-05
480,John Johnson,001-549-608-0496x00517,Nasr City,30.078048,31.332022,2025-07-04
481,Steven Martinez,425.863.2865x91448,6th of October,29.979225,30.921629,2025-08-01
482,Michael Gomez,458-505-5964,Nasr City,30.074368,31.31202,2025-09-30
483,Sue King,(432)747-9494x44010,6th of October,29.977093,30.924094,2025-04-21
484,Phillip Haas,445-419-8527,6th of October,29.973826,30.94564,2025-10-29
485,Tyler Flores,+1-454-712-7429,Maadi,29.949993,31.272002,2026-02-14
486,Cody Romero,5586660747,Maadi,29.941542,31.25237,2025-12-24
487,Edward Anderson,001-594-547-7965x04139,Maadi,29.970745,31.259691,2025-08-01
488,Jack Parker,647-821-6212x7872,Maadi,29.952328,31.256361,2025-03-31
489,Matthew Mathews,280-821-7167,Nasr City,30.066529,31.337727,2026-01-30
490,Courtney Barnett,(873)940-0091,Maadi,29.964903,31.25585,2025-05-12
491,Tammy Nelson,001-551-553-2861x98543,Maadi,29.943933,31.255396,2025-10-08
492,Nicholas Weiss,495.416.0298x6826,6th of October,29.974275,30.945011,2025-12-21
493,Lisa Ramirez,821.482.4859x5636,Nasr City,30.05598,31.309348,2026-02-08
494,Crystal Vance,001-720-399-3275,Nasr City,30.053523,31.329023,2025-08-19
495,Raymond Roberts,(468)861-4696x878,6th of October,29.961772,30.938686,2025-12-19
496,Kenneth Ramirez,267-461-1728x825,6th of October,29.958844,30.953606,2025-07-22
497,Travis Kemp,(735)251-1526x19850,Maadi,29.944539,31.242224,2026-02-21
498,Sheila Rogers,001-363-209-7669x924,Nasr City,30.060074,31.33748,2025-06-29
499,Samuel Gonzalez,(717)833-7991,Maadi,29.963609,31.244414,2025-04-12
500,Kim Tucker,001-249-263-0331x866,6th of October,29.989665,30.924258,2026-01-04
